"","likelihood_ratio_sum","likelihood_ratio_max","wald_sum2","wald_max","score_sum2","score_max"
"score_max",1.96076662558367e-33,1.02916671411311e-37,2.13986309239805e-34,1.81646533633953e-19,6.98054159805011e-08,0.51171082451728
"score_sum2",1.75035974780763e-12,8.64056812425166e-22,2.0446391445607e-17,8.31085411327158e-11,0.51171082451728,0.999999949477933
"wald_max",0.000554450008590897,6.99098002158395e-17,4.23765150083954e-08,0.51171082451728,0.999999999943683,1
"wald_sum2",1,0.9980124568217,0.51171082451728,0.99999996949584,1,1
"likelihood_ratio_max",0.00798776118241676,0.51171082451728,0.00239157957347738,1,1,1
"likelihood_ratio_sum",0.51171082451728,0.993212041455329,1.57724064859295e-34,0.99955021528307,0.999999999998853,1
