"","likelihood_ratio_sum","likelihood_ratio_max","wald_sum2","wald_max","score_sum2","score_max"
"score_max","782/377(1.96076662558367e-33)","795/364(1.02916671411311e-37)","785/374(2.13986309239805e-34)","732/428(1.81646533633953e-19)","670/490(6.98054159805011e-08)","580/580(0.51171082451728)"
"score_sum2","698/461(1.75035974780763e-12)","741/418(8.64056812425166e-22)","723/437(2.0446391445607e-17)","689/471(8.31085411327158e-11)","580/580(0.51171082451728)","490/670(0.999999949477933)"
"wald_max","636/524(0.000554450008590897)","720/439(6.99098002158395e-17)","671/488(4.23765150083954e-08)","580/580(0.51171082451728)","471/689(0.999999999943683)","428/732(1)"
"wald_sum2","374/786(1)","531/628(0.9980124568217)","580/580(0.51171082451728)","488/671(0.99999996949584)","437/723(1)","374/785(1)"
"likelihood_ratio_max","621/538(0.00798776118241676)","580/580(0.51171082451728)","628/531(0.00239157957347738)","439/720(1)","418/741(1)","364/795(1)"
"likelihood_ratio_sum","580/580(0.51171082451728)","538/621(0.993212041455329)","786/374(1.57724064859295e-34)","524/636(0.99955021528307)","461/698(0.999999999998853)","377/782(1)"
